,Borough,Zoneid,TNC,AgeCategory,Scaled_pop
1,Manhattan,ID164,14694,2,13.4226087
2,Manhattan,ID164,28274,2,13.89473684
3,Manhattan,ID164,29515,2,13.89473684
4,Manhattan,ID164,30088,2,13.89473684
5,Manhattan,ID164,13437,2,13.4226087
6,Manhattan,ID164,26704,2,13.89473684
7,Manhattan,ID164,29261,2,13.89473684
8,Manhattan,ID164,26042,2,13.89473684
9,Manhattan,ID164,30410,2,13.89473684
10,Manhattan,ID164,30371,2,13.89473684
11,Manhattan,ID164,9767,2,13.4226087
12,Manhattan,ID164,26168,2,13.89473684
13,Manhattan,ID164,35114,2,13.7
14,Manhattan,ID164,17205,2,13.4226087
15,Manhattan,ID164,27709,2,13.89473684
16,Manhattan,ID164,31594,2,13.89473684
17,Manhattan,ID164,9496,2,13.4226087
18,Manhattan,ID164,28782,2,13.89473684
19,Manhattan,ID164,15501,2,13.4226087
20,Manhattan,ID164,20020,2,13.4226087
21,Manhattan,ID211,9544,2,10.08669656
22,Manhattan,ID211,17604,2,10.17708333
23,Manhattan,ID211,18946,2,10.17708333
24,Manhattan,ID211,18344,2,10.17708333
25,Manhattan,ID211,9673,2,10.08669656
26,Manhattan,ID211,21442,2,10.17708333
27,Manhattan,ID211,18405,2,10.17708333
28,Manhattan,ID211,17366,2,10.17708333
29,Manhattan,ID211,19245,2,10.17708333
30,Manhattan,ID211,21497,2,10.17708333
31,Manhattan,ID211,8406,2,10.08669656
32,Manhattan,ID211,16091,2,10.17708333
33,Manhattan,ID211,21185,2,10.00595238
34,Manhattan,ID211,13413,2,10.08669656
35,Manhattan,ID211,15372,2,10.17708333
36,Manhattan,ID211,20107,2,10.17708333
37,Manhattan,ID211,8144,2,10.08669656
38,Manhattan,ID211,17910,2,10.17708333
39,Manhattan,ID211,10816,2,10.08669656
40,Manhattan,ID211,14326,2,10.08669656
41,Manhattan,ID211,15366,2,10.08669656
42,Manhattan,ID211,20179,2,10.00595238
43,Manhattan,ID211,11665,2,10.08669656
44,Manhattan,ID211,7753,2,10.08669656
45,Manhattan,ID261,3814,2,47.54347826
46,Manhattan,ID261,8839,2,48.26595745
47,Manhattan,ID261,9629,2,48.26595745
48,Manhattan,ID261,9534,2,48.26595745
49,Manhattan,ID261,3672,2,47.54347826
50,Manhattan,ID261,6974,2,48.26595745
51,Manhattan,ID261,9068,2,48.26595745
52,Manhattan,ID261,7240,2,48.26595745
53,Manhattan,ID261,9280,2,48.26595745
54,Manhattan,ID261,9687,2,48.26595745
55,Manhattan,ID261,2201,2,47.54347826
56,Manhattan,ID261,8604,2,48.26595745
57,Manhattan,ID261,11370,2,51.11702128
58,Manhattan,ID261,4593,2,47.54347826
59,Manhattan,ID261,7765,2,48.26595745
60,Manhattan,ID261,10303,2,48.26595745
61,Manhattan,ID261,2354,2,47.54347826
62,Manhattan,ID261,8569,2,48.26595745
63,Manhattan,ID261,4662,2,47.54347826
64,Manhattan,ID261,5309,2,47.54347826
65,Manhattan,ID261,5584,2,47.54347826
66,Manhattan,ID261,10791,2,51.11702128
67,Manhattan,ID261,4929,2,47.54347826
68,Manhattan,ID261,1921,2,47.54347826
69,Manhattan,ID261,7261,2,48.26595745
70,Manhattan,ID42,5840,2,28.9751835
71,Manhattan,ID42,9166,2,29.87891441
72,Manhattan,ID42,10917,2,29.87891441
73,Manhattan,ID42,10341,2,29.87891441
74,Manhattan,ID42,3166,2,28.9751835
75,Manhattan,ID42,7521,2,29.87891441
76,Manhattan,ID42,10073,2,29.87891441
77,Manhattan,ID42,9288,2,29.87891441
78,Manhattan,ID42,11133,2,29.87891441
79,Manhattan,ID42,9856,2,29.87891441
80,Manhattan,ID42,1962,2,28.9751835
81,Manhattan,ID42,9931,2,29.87891441
82,Manhattan,ID42,18921,2,30.23556019
83,Manhattan,ID42,4259,2,28.9751835
84,Manhattan,ID42,12568,2,29.87891441
85,Manhattan,ID42,11209,2,29.87891441
86,Manhattan,ID42,2165,2,28.9751835
87,Manhattan,ID42,9182,2,29.87891441
88,Manhattan,ID42,3957,2,28.9751835
89,Manhattan,ID42,4473,2,28.9751835
90,Manhattan,ID42,4593,2,28.9751835
91,Manhattan,ID42,17455,2,30.23556019
92,Manhattan,ID42,4057,2,28.9751835
93,Manhattan,ID42,1834,2,28.9751835
94,Manhattan,ID243,4190,2,78.18904404
95,Manhattan,ID243,6365,2,79.31283711
96,Manhattan,ID243,7142,2,79.31283711
97,Manhattan,ID243,6659,2,79.31283711
98,Manhattan,ID243,1905,2,78.18904404
99,Manhattan,ID243,4499,2,79.31283711
100,Manhattan,ID243,6721,2,79.31283711
101,Manhattan,ID243,6307,2,79.31283711
102,Manhattan,ID243,7399,2,79.31283711
103,Manhattan,ID243,6998,2,79.31283711
104,Manhattan,ID243,847,2,78.18904404
105,Manhattan,ID243,6819,2,79.31283711
106,Manhattan,ID243,12694,2,80.94822006
107,Manhattan,ID243,2711,2,78.18904404
108,Manhattan,ID243,8706,2,79.31283711
109,Manhattan,ID243,7002,2,79.31283711
110,Manhattan,ID243,1232,2,78.18904404
111,Manhattan,ID243,5989,2,79.31283711
112,Manhattan,ID243,2422,2,78.18904404
113,Manhattan,ID243,2774,2,78.18904404
114,Manhattan,ID243,2699,2,78.18904404
115,Manhattan,ID243,11203,2,80.94822006
116,Manhattan,ID243,2347,2,78.18904404
117,Manhattan,ID243,829,2,78.18904404
118,Manhattan,ID87,7495,1,71.87555556
119,Manhattan,ID87,16665,1,75.81447964
120,Manhattan,ID87,17844,1,75.81447964
121,Manhattan,ID87,17414,1,75.81447964
122,Manhattan,ID87,7526,1,71.87555556
123,Manhattan,ID87,14653,1,75.81447964
124,Manhattan,ID87,16755,1,75.81447964
125,Manhattan,ID87,15039,1,75.81447964
126,Manhattan,ID87,17051,1,75.81447964
127,Manhattan,ID87,18284,1,75.81447964
128,Manhattan,ID87,5145,1,71.87555556
129,Manhattan,ID87,16204,1,75.81447964
130,Manhattan,ID87,20382,1,76.07692308
131,Manhattan,ID87,11174,1,71.87555556
132,Manhattan,ID87,13783,1,75.81447964
133,Manhattan,ID87,18355,1,75.81447964
134,Manhattan,ID87,5615,1,71.87555556
135,Manhattan,ID87,17107,1,75.81447964
136,Manhattan,ID87,10224,1,71.87555556
137,Manhattan,ID87,11382,1,71.87555556
138,Manhattan,ID87,11977,1,71.87555556
139,Manhattan,ID87,19173,1,76.07692308
140,Manhattan,ID48,16167,2,23.26225854
141,Manhattan,ID48,30348,2,23.33579882
142,Manhattan,ID48,32163,2,23.33579882
143,Manhattan,ID48,33489,2,23.33579882
144,Manhattan,ID48,13633,2,23.26225854
145,Manhattan,ID48,26290,2,23.33579882
146,Manhattan,ID48,31797,2,23.33579882
147,Manhattan,ID48,26999,2,23.33579882
148,Manhattan,ID48,32643,2,23.33579882
149,Manhattan,ID48,32446,2,23.33579882
150,Manhattan,ID48,9296,2,23.26225854
151,Manhattan,ID48,29422,2,23.33579882
152,Manhattan,ID48,39356,2,24.4933432
153,Manhattan,ID48,18447,2,23.26225854
154,Manhattan,ID48,28683,2,23.33579882
155,Manhattan,ID48,33393,2,23.33579882
156,Manhattan,ID48,9116,2,23.26225854
157,Manhattan,ID48,30947,2,23.33579882
158,Manhattan,ID48,16883,2,23.26225854
159,Manhattan,ID48,20203,2,23.26225854
160,Manhattan,ID48,21606,2,23.26225854
161,Manhattan,ID48,36153,2,24.4933432
162,Manhattan,ID48,17451,2,23.26225854
163,Manhattan,ID48,7835,2,23.26225854
164,Manhattan,ID48,26272,2,23.33579882
165,Manhattan,ID48,31404,2,23.33579882
166,Manhattan,ID48,25666,2,23.33579882
167,Manhattan,ID48,9781,2,23.26225854
168,Manhattan,ID48,8025,2,23.26225854
169,Manhattan,ID48,8490,2,23.26225854
170,Manhattan,ID148,12211,2,22.3467433
171,Manhattan,ID148,28204,2,21.73473282
172,Manhattan,ID148,30563,2,21.73473282
173,Manhattan,ID148,30558,2,21.73473282
174,Manhattan,ID148,11454,2,22.3467433
175,Manhattan,ID148,26280,2,21.73473282
176,Manhattan,ID148,29649,2,21.73473282
177,Manhattan,ID148,25780,2,21.73473282
178,Manhattan,ID148,31920,2,21.73473282
179,Manhattan,ID148,31189,2,21.73473282
180,Manhattan,ID148,8447,2,22.3467433
181,Manhattan,ID148,27300,2,21.73473282
182,Manhattan,ID148,37183,2,21.75667939
183,Manhattan,ID148,17145,2,22.3467433
184,Manhattan,ID148,22207,2,21.73473282
185,Manhattan,ID148,30914,2,21.73473282
186,Manhattan,ID148,8571,2,22.3467433
187,Manhattan,ID148,28105,2,21.73473282
188,Manhattan,ID148,14386,2,22.3467433
189,Manhattan,ID148,17307,2,22.3467433
190,Manhattan,ID148,19273,2,22.3467433
191,Manhattan,ID148,34092,2,21.75667939
192,Manhattan,ID148,15249,2,22.3467433
193,Manhattan,ID148,7765,2,22.3467433
194,Manhattan,ID148,23697,2,21.73473282
195,Manhattan,ID75,4789,2,55.76022835
196,Manhattan,ID75,8956,2,56.71442125
197,Manhattan,ID75,10370,2,56.71442125
198,Manhattan,ID75,10465,2,56.71442125
199,Manhattan,ID75,3246,2,55.76022835
200,Manhattan,ID75,7294,2,56.71442125
201,Manhattan,ID75,10238,2,56.71442125
202,Manhattan,ID75,8704,2,56.71442125
203,Manhattan,ID75,11428,2,56.71442125
204,Manhattan,ID75,10300,2,56.71442125
205,Manhattan,ID75,1628,2,55.76022835
206,Manhattan,ID75,9550,2,56.71442125
207,Manhattan,ID75,15029,2,57.89373814
208,Manhattan,ID75,5075,2,55.76022835
209,Manhattan,ID75,11350,2,56.71442125
210,Manhattan,ID75,11343,2,56.71442125
211,Manhattan,ID75,1775,2,55.76022835
212,Manhattan,ID75,9360,2,56.71442125
213,Manhattan,ID75,4227,2,55.76022835
214,Manhattan,ID75,5109,2,55.76022835
215,Manhattan,ID75,5451,2,55.76022835
216,Manhattan,ID75,13447,2,57.89373814
217,Manhattan,ID75,4229,2,55.76022835
218,Manhattan,ID107,13630,2,32.60634548
219,Manhattan,ID107,25020,2,33.15814507
220,Manhattan,ID107,27154,2,33.15814507
221,Manhattan,ID107,27576,2,33.15814507
222,Manhattan,ID107,11927,2,32.60634548
223,Manhattan,ID107,24501,2,33.15814507
224,Manhattan,ID107,26053,2,33.15814507
225,Manhattan,ID107,23795,2,33.15814507
226,Manhattan,ID107,27980,2,33.15814507
227,Manhattan,ID107,27013,2,33.15814507
228,Manhattan,ID107,8783,2,32.60634548
229,Manhattan,ID107,24422,2,33.15814507
230,Manhattan,ID107,32830,2,32.79429251
231,Manhattan,ID107,17017,2,32.60634548
232,Manhattan,ID107,23898,2,33.15814507
233,Manhattan,ID107,28242,2,33.15814507
234,Manhattan,ID107,9032,2,32.60634548
235,Manhattan,ID107,25839,2,33.15814507
236,Manhattan,ID107,14491,2,32.60634548
237,Manhattan,ID107,18290,2,32.60634548
238,Manhattan,ID107,20548,2,32.60634548
239,Manhattan,ID107,30466,2,32.79429251
240,Manhattan,ID107,15800,2,32.60634548
241,Manhattan,ID107,7742,2,32.60634548
242,Manhattan,ID107,22450,2,33.15814507
243,Manhattan,ID107,25156,2,33.15814507
244,Manhattan,ID107,22061,2,33.15814507
245,Manhattan,ID107,9838,2,32.60634548
246,Manhattan,ID107,7701,2,32.60634548
247,Manhattan,ID107,9065,2,32.60634548
248,Manhattan,ID239,12003,3,28.36831812
249,Manhattan,ID239,20085,3,28.56975228
250,Manhattan,ID239,23633,3,28.56975228
251,Manhattan,ID239,22397,3,28.56975228
252,Manhattan,ID239,10380,3,28.36831812
253,Manhattan,ID239,20157,3,28.56975228
254,Manhattan,ID239,22054,3,28.56975228
255,Manhattan,ID239,21656,3,28.56975228
256,Manhattan,ID239,24625,3,28.56975228
257,Manhattan,ID239,22090,3,28.56975228
258,Manhattan,ID239,6835,3,28.36831812
259,Manhattan,ID239,19210,3,28.56975228
260,Manhattan,ID239,27823,3,28.51955671
261,Manhattan,ID239,14531,3,28.36831812
262,Manhattan,ID239,20841,3,28.56975228
263,Manhattan,ID239,24008,3,28.56975228
264,Manhattan,ID239,6650,3,28.36831812
265,Manhattan,ID239,21011,3,28.56975228
266,Manhattan,ID239,11713,3,28.36831812
267,Manhattan,ID239,14911,3,28.36831812
268,Manhattan,ID239,16510,3,28.36831812
269,Manhattan,ID239,24344,3,28.51955671
270,Manhattan,ID239,12468,3,28.36831812
271,Manhattan,ID239,6592,3,28.36831812
272,Manhattan,ID239,20349,3,28.56975228
273,Manhattan,ID239,21938,3,28.56975228
274,Manhattan,ID239,20006,3,28.56975228
275,Brooklyn,ID189,3968,2,10.84163136
276,Brooklyn,ID189,6579,2,10.82567353
277,Brooklyn,ID189,8027,2,10.82567353
278,Brooklyn,ID189,8181,2,10.82567353
279,Brooklyn,ID189,2729,2,10.84163136
280,Brooklyn,ID189,6235,2,10.82567353
281,Brooklyn,ID189,8251,2,10.82567353
282,Brooklyn,ID189,7130,2,10.82567353
283,Brooklyn,ID189,9047,2,10.82567353
284,Brooklyn,ID189,8143,2,10.82567353
285,Brooklyn,ID189,1950,2,10.84163136
286,Brooklyn,ID189,7388,2,10.82567353
287,Brooklyn,ID189,10434,2,11.16228992
288,Brooklyn,ID189,4077,2,10.84163136
289,Brooklyn,ID189,8191,2,10.82567353
290,Brooklyn,ID189,8803,2,10.82567353
291,Brooklyn,ID189,1750,2,10.84163136
292,Brooklyn,ID189,6790,2,10.82567353
293,Brooklyn,ID189,3398,2,10.84163136
294,Brooklyn,ID189,4097,2,10.84163136
295,Brooklyn,ID189,4436,2,10.84163136
296,Brooklyn,ID189,9903,2,11.16228992
297,Brooklyn,ID189,3213,2,10.84163136
298,Brooklyn,ID189,1874,2,10.84163136
299,Brooklyn,ID189,6646,2,10.82567353
300,Brooklyn,ID189,7237,2,10.82567353
301,Brooklyn,ID189,6295,2,10.82567353
302,Brooklyn,ID189,1975,2,10.84163136
303,Brooklyn,ID112,8297,2,6.144840525
304,Brooklyn,ID112,16847,2,6.247845635
305,Brooklyn,ID112,19606,2,6.247845635
306,Brooklyn,ID112,18968,2,6.247845635
307,Brooklyn,ID112,6960,2,6.144840525
308,Brooklyn,ID112,14730,2,6.247845635
309,Brooklyn,ID112,18541,2,6.247845635
310,Brooklyn,ID112,16914,2,6.247845635
311,Brooklyn,ID112,19635,2,6.247845635
312,Brooklyn,ID112,19674,2,6.247845635
313,Brooklyn,ID112,4818,2,6.144840525
314,Brooklyn,ID112,17847,2,6.247845635
315,Brooklyn,ID112,25769,2,6.409210034
316,Brooklyn,ID112,9571,2,6.144840525
317,Brooklyn,ID112,17015,2,6.247845635
318,Brooklyn,ID112,20350,2,6.247845635
319,Brooklyn,ID112,4393,2,6.144840525
320,Brooklyn,ID112,16979,2,6.247845635
321,Brooklyn,ID112,8723,2,6.144840525
322,Brooklyn,ID112,10531,2,6.144840525
323,Brooklyn,ID112,10755,2,6.144840525
324,Brooklyn,ID112,23981,2,6.409210034
325,Brooklyn,ID112,8192,2,6.144840525
326,Brooklyn,ID112,4214,2,6.144840525
327,Brooklyn,ID177,2022,2,8.546157813
328,Brooklyn,ID177,3852,2,8.735558408
329,Brooklyn,ID177,4454,2,8.735558408
330,Brooklyn,ID177,4406,2,8.735558408
331,Brooklyn,ID177,863,2,8.546157813
332,Brooklyn,ID177,2682,2,8.735558408
333,Brooklyn,ID177,4567,2,8.735558408
334,Brooklyn,ID177,3890,2,8.735558408
335,Brooklyn,ID177,5313,2,8.735558408
336,Brooklyn,ID177,4721,2,8.735558408
337,Brooklyn,ID177,302,2,8.546157813
338,Brooklyn,ID177,4429,2,8.735558408
339,Brooklyn,ID177,8597,2,8.93210351
340,Brooklyn,ID177,1249,2,8.546157813
341,Brooklyn,ID177,6820,2,8.735558408
342,Brooklyn,ID177,5097,2,8.735558408
343,Brooklyn,ID177,455,2,8.546157813
344,Brooklyn,ID177,3737,2,8.735558408
345,Brooklyn,ID177,1153,2,8.546157813
346,Brooklyn,ID177,1303,2,8.546157813
347,Brooklyn,ID177,1236,2,8.546157813
348,Brooklyn,ID177,8525,2,8.93210351
349,Brooklyn,ID177,1046,2,8.546157813
350,Brooklyn,ID177,296,2,8.546157813
351,Brooklyn,ID177,3747,2,8.735558408
352,Brooklyn,ID177,4264,2,8.735558408
353,Brooklyn,ID177,3461,2,8.735558408
354,Brooklyn,ID177,490,2,8.546157813
355,Brooklyn,ID177,320,2,8.546157813
356,Brooklyn,ID210,1244,3,6.076234708
357,Brooklyn,ID210,2090,3,6.208519179
358,Brooklyn,ID210,2483,3,6.208519179
359,Brooklyn,ID210,2413,3,6.208519179
360,Brooklyn,ID210,442,3,6.076234708
361,Brooklyn,ID210,1710,3,6.208519179
362,Brooklyn,ID210,2534,3,6.208519179
363,Brooklyn,ID210,2267,3,6.208519179
364,Brooklyn,ID210,3245,3,6.208519179
365,Brooklyn,ID210,2506,3,6.208519179
366,Brooklyn,ID210,194,3,6.076234708
367,Brooklyn,ID210,2288,3,6.208519179
368,Brooklyn,ID210,6719,3,6.284985584
369,Brooklyn,ID210,702,3,6.076234708
370,Brooklyn,ID210,4530,3,6.208519179
371,Brooklyn,ID210,2995,3,6.208519179
372,Brooklyn,ID210,254,3,6.076234708
373,Brooklyn,ID210,2159,3,6.208519179
374,Brooklyn,ID210,685,3,6.076234708
375,Brooklyn,ID210,699,3,6.076234708
376,Brooklyn,ID210,706,3,6.076234708
377,Brooklyn,ID210,6567,3,6.284985584
378,Brooklyn,ID210,644,3,6.076234708
379,Brooklyn,ID210,157,3,6.076234708
380,Brooklyn,ID210,2154,3,6.208519179
381,Brooklyn,ID210,2268,3,6.208519179
382,Brooklyn,ID210,1878,3,6.208519179
383,Brooklyn,ID210,294,3,6.076234708
384,Brooklyn,ID21,1336,3,6.288217344
385,Brooklyn,ID21,2121,2,6.320515342
386,Brooklyn,ID21,2627,2,6.320515342
387,Brooklyn,ID21,2495,2,6.320515342
388,Brooklyn,ID21,473,3,6.288217344
389,Brooklyn,ID21,1650,2,6.320515342
390,Brooklyn,ID21,2550,2,6.320515342
391,Brooklyn,ID21,2248,2,6.320515342
392,Brooklyn,ID21,3146,2,6.320515342
393,Brooklyn,ID21,2556,2,6.320515342
394,Brooklyn,ID21,224,3,6.288217344
395,Brooklyn,ID21,2278,2,6.320515342
396,Brooklyn,ID21,5944,2,6.493806528
397,Brooklyn,ID21,692,3,6.288217344
398,Brooklyn,ID21,4506,2,6.320515342
399,Brooklyn,ID21,2833,2,6.320515342
400,Brooklyn,ID21,312,3,6.288217344
401,Brooklyn,ID21,2057,2,6.320515342
402,Brooklyn,ID21,652,3,6.288217344
403,Brooklyn,ID21,838,3,6.288217344
404,Brooklyn,ID21,690,3,6.288217344
405,Brooklyn,ID21,5750,2,6.493806528
406,Brooklyn,ID21,600,3,6.288217344
407,Brooklyn,ID257,1890,2,7.173125794
408,Brooklyn,ID257,3066,2,7.009545021
409,Brooklyn,ID257,3181,2,7.009545021
410,Brooklyn,ID257,3543,2,7.009545021
411,Brooklyn,ID257,1255,2,7.173125794
412,Brooklyn,ID257,2503,2,7.009545021
413,Brooklyn,ID257,3128,2,7.009545021
414,Brooklyn,ID257,3383,2,7.009545021
415,Brooklyn,ID257,3563,2,7.009545021
416,Brooklyn,ID257,3204,2,7.009545021
417,Brooklyn,ID257,640,2,7.173125794
418,Brooklyn,ID257,2844,2,7.009545021
419,Brooklyn,ID257,4252,2,7.156140908
420,Brooklyn,ID257,1685,2,7.173125794
421,Brooklyn,ID257,3769,2,7.009545021
422,Brooklyn,ID257,3425,2,7.009545021
423,Brooklyn,ID257,698,2,7.173125794
424,Brooklyn,ID257,2849,2,7.009545021
425,Brooklyn,ID257,1444,2,7.173125794
426,Brooklyn,ID257,1927,2,7.173125794
427,Brooklyn,ID257,1688,2,7.173125794
428,Brooklyn,ID257,3999,2,7.156140908
429,Brooklyn,ID257,1411,2,7.173125794
430,Brooklyn,ID181,11463,2,8.193191287
431,Brooklyn,ID181,17793,2,8.059826004
432,Brooklyn,ID181,21071,2,8.059826004
433,Brooklyn,ID181,21434,2,8.059826004
434,Brooklyn,ID181,8004,2,8.193191287
435,Brooklyn,ID181,17386,2,8.059826004
436,Brooklyn,ID181,22186,2,8.059826004
437,Brooklyn,ID181,20431,2,8.059826004
438,Brooklyn,ID181,24005,2,8.059826004
439,Brooklyn,ID181,21178,2,8.059826004
440,Brooklyn,ID181,5557,2,8.193191287
441,Brooklyn,ID181,18448,2,8.059826004
442,Brooklyn,ID181,27363,2,8.232221824
443,Brooklyn,ID181,11344,2,8.193191287
444,Brooklyn,ID181,22462,2,8.059826004
445,Brooklyn,ID181,23247,2,8.059826004
446,Brooklyn,ID181,5535,2,8.193191287
447,Brooklyn,ID181,18455,2,8.059826004
448,Brooklyn,ID181,9589,2,8.193191287
449,Brooklyn,ID181,12095,2,8.193191287
450,Brooklyn,ID181,12084,2,8.193191287
451,Brooklyn,ID33,5032,2,15.87150466
452,Brooklyn,ID33,9307,2,16.15796519
453,Brooklyn,ID33,10803,2,16.15796519
454,Brooklyn,ID33,10564,2,16.15796519
455,Brooklyn,ID33,3786,2,15.87150466
456,Brooklyn,ID33,7409,2,16.15796519
457,Brooklyn,ID33,10650,2,16.15796519
458,Brooklyn,ID33,9315,2,16.15796519
459,Brooklyn,ID33,10852,2,16.15796519
460,Brooklyn,ID33,10993,2,16.15796519
461,Brooklyn,ID33,2663,2,15.87150466
462,Brooklyn,ID33,9475,2,16.15796519
463,Brooklyn,ID33,13610,2,16.09840426
464,Brooklyn,ID33,5526,2,15.87150466
465,Brooklyn,ID33,9447,2,16.15796519
466,Brooklyn,ID33,11328,2,16.15796519
467,Brooklyn,ID33,2556,2,15.87150466
468,Brooklyn,ID33,9423,2,16.15796519
469,Brooklyn,ID33,4930,2,15.87150466
470,Brooklyn,ID33,5746,2,15.87150466
471,Brooklyn,ID22,1631,2,6.513494468
472,Brooklyn,ID22,2850,2,6.452126162
473,Brooklyn,ID22,3331,2,6.452126162
474,Brooklyn,ID22,3258,2,6.452126162
475,Brooklyn,ID22,667,2,6.513494468
476,Brooklyn,ID22,1989,2,6.452126162
477,Brooklyn,ID22,3283,2,6.452126162
478,Brooklyn,ID22,2954,2,6.452126162
479,Brooklyn,ID22,4094,2,6.452126162
480,Brooklyn,ID22,3597,2,6.452126162
481,Brooklyn,ID22,250,2,6.513494468
482,Brooklyn,ID22,3483,2,6.452126162
483,Brooklyn,ID22,7857,2,6.550865344
484,Brooklyn,ID22,938,2,6.513494468
485,Brooklyn,ID22,5916,2,6.452126162
486,Brooklyn,ID22,3631,2,6.452126162
487,Brooklyn,ID22,361,2,6.513494468
488,Brooklyn,ID22,2841,2,6.452126162
489,Brooklyn,ID22,755,2,6.513494468
490,Brooklyn,ID22,1058,2,6.513494468
491,Brooklyn,ID22,909,2,6.513494468
492,Brooklyn,ID61,10225,2,10.98628559
493,Brooklyn,ID61,18208,2,11.2229206
494,Brooklyn,ID61,22007,2,11.2229206
495,Brooklyn,ID61,21721,2,11.2229206
496,Brooklyn,ID61,6661,2,10.98628559
497,Brooklyn,ID61,14399,2,11.2229206
498,Brooklyn,ID61,22463,2,11.2229206
499,Brooklyn,ID61,19681,2,11.2229206
500,Brooklyn,ID61,25337,2,11.2229206
501,Brooklyn,ID61,23684,2,11.2229206
502,Brooklyn,ID61,3244,2,10.98628559
503,Brooklyn,ID61,21207,2,11.2229206
504,Brooklyn,ID61,34936,2,11.49947797
505,Brooklyn,ID61,8443,2,10.98628559
506,Brooklyn,ID61,27463,2,11.2229206
507,Brooklyn,ID61,25040,2,11.2229206
508,Brooklyn,ID61,3532,2,10.98628559
509,Brooklyn,ID61,18742,2,11.2229206
510,Brooklyn,ID61,7865,2,10.98628559
511,Brooklyn,ID61,8645,2,10.98628559
512,Brooklyn,ID61,8970,2,10.98628559
513,Brooklyn,ID61,34427,2,11.49947797
514,Brooklyn,ID61,7223,2,10.98628559
515,Brooklyn,ID61,3077,2,10.98628559
516,Brooklyn,ID61,18485,2,11.2229206
517,Brooklyn,ID61,19380,2,11.2229206
518,Queens,ID197,1658,2,4.909131043
519,Queens,ID197,2969,2,4.758502927
520,Queens,ID197,3361,2,4.758502927
521,Queens,ID197,3320,2,4.758502927
522,Queens,ID197,679,2,4.909131043
523,Queens,ID197,1966,2,4.758502927
524,Queens,ID197,3510,2,4.758502927
525,Queens,ID197,3089,2,4.758502927
526,Queens,ID197,3843,2,4.758502927
527,Queens,ID197,3322,2,4.758502927
528,Queens,ID197,239,2,4.909131043
529,Queens,ID197,3156,2,4.758502927
530,Queens,ID197,6538,2,4.693685531
531,Queens,ID197,939,2,4.909131043
532,Queens,ID197,4950,2,4.758502927
533,Queens,ID197,3563,2,4.758502927
534,Queens,ID197,428,2,4.909131043
535,Queens,ID197,2982,2,4.758502927
536,Queens,ID197,879,2,4.909131043
537,Queens,ID197,962,2,4.909131043
538,Queens,ID258,1688,2,5.291104893
539,Queens,ID258,2642,2,5.050731629
540,Queens,ID258,2917,2,5.050731629
541,Queens,ID258,2672,2,5.050731629
542,Queens,ID258,616,2,5.291104893
543,Queens,ID258,1855,2,5.050731629
544,Queens,ID258,2897,2,5.050731629
545,Queens,ID258,2793,2,5.050731629
546,Queens,ID258,3143,2,5.050731629
547,Queens,ID258,2873,2,5.050731629
548,Queens,ID258,217,2,5.291104893
549,Queens,ID258,2923,2,5.050731629
550,Queens,ID258,5085,2,5.107412767
551,Queens,ID258,737,2,5.291104893
552,Queens,ID258,4115,2,5.050731629
553,Queens,ID258,2895,2,5.050731629
554,Queens,ID258,398,2,5.291104893
555,Queens,ID258,2783,2,5.050731629
556,Queens,ID258,686,2,5.291104893
557,Queens,ID258,731,2,5.291104893
558,Queens,ID258,715,2,5.291104893
559,Queens,ID258,4892,2,5.107412767
560,Queens,ID7,8713,2,8.675799597
561,Queens,ID7,13729,2,8.582601933
562,Queens,ID7,15346,2,8.582601933
563,Queens,ID7,16829,2,8.582601933
564,Queens,ID7,4631,2,8.675799597
565,Queens,ID7,12502,2,8.582601933
566,Queens,ID7,15206,2,8.582601933
567,Queens,ID7,14481,2,8.582601933
568,Queens,ID7,15716,2,8.582601933
569,Queens,ID7,15428,2,8.582601933
570,Queens,ID7,2679,2,8.675799597
571,Queens,ID7,15096,2,8.582601933
572,Queens,ID7,23758,2,8.617709143
573,Queens,ID7,6838,2,8.675799597
574,Queens,ID7,17837,2,8.582601933
575,Queens,ID7,16070,2,8.582601933
576,Queens,ID7,3071,2,8.675799597
577,Queens,ID7,15208,2,8.582601933
578,Queens,ID7,6067,2,8.675799597
579,Queens,ID7,7082,2,8.675799597
580,Queens,ID7,7655,2,8.675799597
581,Queens,ID7,21279,2,8.617709143
582,Queens,ID7,6182,2,8.675799597
583,Queens,ID7,2729,2,8.675799597
584,Queens,ID7,13839,2,8.582601933
585,Queens,ID7,14966,2,8.582601933
586,Queens,ID7,12975,2,8.582601933
587,Queens,ID134,1463,2,9.852371134
588,Queens,ID134,2225,2,9.506613226
589,Queens,ID134,2574,2,9.506613226
590,Queens,ID134,2454,2,9.506613226
591,Queens,ID134,690,2,9.852371134
592,Queens,ID134,1669,2,9.506613226
593,Queens,ID134,2375,2,9.506613226
594,Queens,ID134,2207,2,9.506613226
595,Queens,ID134,2565,2,9.506613226
596,Queens,ID134,2424,2,9.506613226
597,Queens,ID134,292,2,9.852371134
598,Queens,ID134,2411,2,9.506613226
599,Queens,ID134,4116,2,9.683767535
600,Queens,ID134,948,2,9.852371134
601,Queens,ID134,3116,2,9.506613226
602,Queens,ID134,2508,2,9.506613226
603,Queens,ID134,410,2,9.852371134
604,Queens,ID134,2307,2,9.506613226
605,Queens,ID134,910,2,9.852371134
606,Queens,ID134,928,2,9.852371134
607,Queens,ID134,1029,2,9.852371134
608,Queens,ID134,3754,2,9.683767535
609,Queens,ID134,795,2,9.852371134
610,Queens,ID134,267,2,9.852371134
611,Bronx,ID250,666,2,7.061659477
612,Bronx,ID250,1141,2,7.215681299
613,Bronx,ID250,1253,2,7.215681299
614,Bronx,ID250,1205,2,7.215681299
615,Bronx,ID250,271,2,7.061659477
616,Bronx,ID250,695,2,7.215681299
617,Bronx,ID250,1181,2,7.215681299
618,Bronx,ID250,1120,2,7.215681299
619,Bronx,ID250,1478,2,7.215681299
620,Bronx,ID250,1226,2,7.215681299
621,Bronx,ID250,127,2,7.061659477
622,Bronx,ID250,1224,2,7.215681299
623,Bronx,ID250,3288,2,7.409182644
624,Bronx,ID250,345,2,7.061659477
625,Bronx,ID250,2044,2,7.215681299
626,Bronx,ID250,1304,2,7.215681299
627,Bronx,ID250,159,2,7.061659477
628,Bronx,ID250,1132,2,7.215681299
629,Bronx,ID250,324,2,7.061659477
630,Bronx,ID250,325,2,7.061659477
631,Bronx,ID250,486,2,7.061659477
632,Bronx,ID250,2985,2,7.409182644
633,Bronx,ID250,270,2,7.061659477
634,Bronx,ID250,95,2,7.061659477
635,Bronx,ID250,1056,2,7.215681299
636,Bronx,ID250,1260,2,7.215681299
637,Bronx,ID250,909,2,7.215681299
638,Bronx,ID212,576,2,14.93360489
639,Bronx,ID212,1132,2,15.41775244
640,Bronx,ID212,1137,2,15.41775244
641,Bronx,ID212,1095,2,15.41775244
642,Bronx,ID212,209,2,14.93360489
643,Bronx,ID212,754,2,15.41775244
644,Bronx,ID212,1064,2,15.41775244
645,Bronx,ID212,995,2,15.41775244
646,Bronx,ID212,1331,2,15.41775244
647,Bronx,ID212,1101,2,15.41775244
648,Bronx,ID212,82,2,14.93360489
649,Bronx,ID212,1180,2,15.41775244
650,Bronx,ID212,3080,2,14.89321558
651,Bronx,ID212,275,2,14.93360489
652,Bronx,ID212,1997,2,15.41775244
653,Bronx,ID212,1242,2,15.41775244
654,Bronx,ID212,109,2,14.93360489
655,Bronx,ID212,1056,2,15.41775244
656,Bronx,ID212,245,2,14.93360489
657,Bronx,ID212,336,2,14.93360489
658,Bronx,ID212,313,2,14.93360489
659,Bronx,ID212,2846,2,14.89321558
660,Bronx,ID212,258,2,14.93360489
661,Bronx,ID212,81,2,14.93360489
662,Bronx,ID94,532,1,45.44093178
663,Bronx,ID94,964,1,46.99834711
664,Bronx,ID94,1075,1,46.99834711
665,Bronx,ID94,1090,1,46.99834711
666,Bronx,ID94,167,1,45.44093178
667,Bronx,ID94,627,1,46.99834711
668,Bronx,ID94,986,1,46.99834711
669,Bronx,ID94,941,1,46.99834711
670,Bronx,ID94,1268,1,46.99834711
671,Bronx,ID94,961,1,46.99834711
672,Bronx,ID94,55,1,45.44093178
673,Bronx,ID94,1088,1,46.99834711
674,Bronx,ID94,2957,1,46.89291598
675,Bronx,ID94,284,1,45.44093178
676,Bronx,ID94,1803,1,46.99834711
677,Bronx,ID94,1149,1,46.99834711
678,Bronx,ID94,82,1,45.44093178
679,Bronx,ID94,913,1,46.99834711
680,Bronx,ID94,231,1,45.44093178
681,Bronx,ID94,285,1,45.44093178
682,Bronx,ID94,249,1,45.44093178
683,Bronx,ID94,2834,1,46.89291598
684,Bronx,ID94,203,1,45.44093178
685,Bronx,ID94,51,1,45.44093178
686,Bronx,ID159,1063,1,23.49211712
687,Bronx,ID159,1939,1,24.32170979
688,Bronx,ID159,2163,1,24.32170979
689,Bronx,ID159,2206,1,24.32170979
690,Bronx,ID159,337,1,23.49211712
691,Bronx,ID159,1322,1,24.32170979
692,Bronx,ID159,2018,1,24.32170979
693,Bronx,ID159,1946,1,24.32170979
694,Bronx,ID159,2549,1,24.32170979
695,Bronx,ID159,2121,1,24.32170979
696,Bronx,ID159,141,1,23.49211712
697,Bronx,ID159,2093,1,24.32170979
698,Bronx,ID159,5540,1,24.18946188
699,Bronx,ID159,490,1,23.49211712
700,Bronx,ID159,3267,1,24.32170979
701,Bronx,ID159,2336,1,24.32170979
702,Bronx,ID159,194,1,23.49211712
703,Bronx,ID159,1951,1,24.32170979
704,Bronx,ID159,524,1,23.49211712
705,Bronx,ID159,523,1,23.49211712
706,Bronx,ID159,538,1,23.49211712
707,Bronx,ID159,5220,1,24.18946188
708,Bronx,ID159,560,1,23.49211712
709,Bronx,ID159,97,1,23.49211712
710,Bronx,ID159,1877,1,24.32170979
711,Bronx,ID159,2014,1,24.32170979
712,Bronx,ID159,1690,1,24.32170979
713,Bronx,ID159,232,1,23.49211712
714,Bronx,ID159,135,1,23.49211712
715,Bronx,ID220,1760,3,22.63655914
716,Bronx,ID220,2611,3,22.57020057
717,Bronx,ID220,3333,3,22.57020057
718,Bronx,ID220,3290,3,22.57020057
719,Bronx,ID220,858,3,22.63655914
720,Bronx,ID220,2246,3,22.57020057
721,Bronx,ID220,3289,3,22.57020057
722,Bronx,ID220,3142,3,22.57020057
723,Bronx,ID220,3813,3,22.57020057
724,Bronx,ID220,3340,3,22.57020057
725,Bronx,ID220,392,3,22.63655914
726,Bronx,ID220,3022,3,22.57020057
727,Bronx,ID220,6504,3,22.68911175
728,Bronx,ID220,1270,3,22.63655914
729,Bronx,ID220,4213,3,22.57020057
730,Bronx,ID220,3552,3,22.57020057
731,Bronx,ID220,509,3,22.63655914
732,Bronx,ID220,2595,3,22.57020057
733,Bronx,ID220,1039,3,22.63655914
734,Bronx,ID220,1424,3,22.63655914
735,Bronx,ID220,1301,3,22.63655914
736,Bronx,ID220,5813,3,22.68911175
737,Bronx,ID220,1008,3,22.63655914
738,Bronx,ID220,357,3,22.63655914
739,Bronx,ID220,3005,3,22.57020057
740,Bronx,ID220,2880,3,22.57020057
741,Bronx,ID220,2892,3,22.57020057
742,Bronx,ID220,564,3,22.63655914
743,Bronx,ID220,388,3,22.63655914
744,Bronx,ID259,621,2,4.972112005
745,Bronx,ID259,1313,2,4.994785763
746,Bronx,ID259,1464,2,4.994785763
747,Bronx,ID259,1336,2,4.994785763
748,Bronx,ID259,215,2,4.972112005
749,Bronx,ID259,721,2,4.994785763
750,Bronx,ID259,1345,2,4.994785763
751,Bronx,ID259,1235,2,4.994785763
752,Bronx,ID259,1647,2,4.994785763
753,Bronx,ID259,1492,2,4.994785763
754,Bronx,ID259,93,2,4.972112005
755,Bronx,ID259,1434,2,4.994785763
756,Bronx,ID259,3852,3,4.972200338
757,Bronx,ID259,301,2,4.972112005
758,Bronx,ID259,2231,2,4.994785763
759,Bronx,ID259,1463,2,4.994785763
760,Bronx,ID259,91,2,4.972112005
761,Bronx,ID259,1253,2,4.994785763
762,Bronx,ID259,279,2,4.972112005
763,Bronx,ID259,334,2,4.972112005
764,Bronx,ID259,322,2,4.972112005
765,Bronx,ID259,3491,3,4.972200338
766,Bronx,ID259,289,2,4.972112005
767,Bronx,ID259,76,2,4.972112005
768,Bronx,ID259,1261,2,4.994785763
769,Bronx,ID259,1365,2,4.994785763
