,Borough,Zoneid,TNC,Scaled_pop
1,Manhattan,ID164,14694,13.4226087
2,Manhattan,ID164,28274,13.89473684
3,Manhattan,ID164,29515,13.89473684
4,Manhattan,ID164,30088,13.89473684
5,Manhattan,ID164,13437,13.4226087
6,Manhattan,ID164,26704,13.89473684
7,Manhattan,ID164,29261,13.89473684
8,Manhattan,ID164,26042,13.89473684
9,Manhattan,ID164,30410,13.89473684
10,Manhattan,ID164,30371,13.89473684
11,Manhattan,ID164,9767,13.4226087
12,Manhattan,ID164,26168,13.89473684
13,Manhattan,ID164,35114,13.7
14,Manhattan,ID164,17205,13.4226087
15,Manhattan,ID164,27709,13.89473684
16,Manhattan,ID164,31594,13.89473684
17,Manhattan,ID164,9496,13.4226087
18,Manhattan,ID164,28782,13.89473684
19,Manhattan,ID164,15501,13.4226087
20,Manhattan,ID164,20020,13.4226087
21,Manhattan,ID164,21005,13.4226087
22,Manhattan,ID164,32829,13.7
23,Manhattan,ID164,17436,13.4226087
24,Manhattan,ID164,8550,13.4226087
25,Manhattan,ID164,24702,13.89473684
26,Manhattan,ID164,28837,13.89473684
27,Manhattan,ID164,24982,13.89473684
28,Manhattan,ID164,10382,13.4226087
29,Manhattan,ID164,8337,13.4226087
30,Manhattan,ID164,9310,13.4226087
31,Manhattan,ID211,9544,10.08669656
32,Manhattan,ID211,17604,10.17708333
33,Manhattan,ID211,18946,10.17708333
34,Manhattan,ID211,18344,10.17708333
35,Manhattan,ID211,9673,10.08669656
36,Manhattan,ID211,21442,10.17708333
37,Manhattan,ID211,18405,10.17708333
38,Manhattan,ID211,17366,10.17708333
39,Manhattan,ID211,19245,10.17708333
40,Manhattan,ID211,21497,10.17708333
41,Manhattan,ID211,8406,10.08669656
42,Manhattan,ID211,16091,10.17708333
43,Manhattan,ID211,21185,10.00595238
44,Manhattan,ID211,13413,10.08669656
45,Manhattan,ID211,15372,10.17708333
46,Manhattan,ID211,20107,10.17708333
47,Manhattan,ID211,8144,10.08669656
48,Manhattan,ID211,17910,10.17708333
49,Manhattan,ID211,10816,10.08669656
50,Manhattan,ID211,14326,10.08669656
51,Manhattan,ID211,15366,10.08669656
52,Manhattan,ID211,20179,10.00595238
53,Manhattan,ID211,11665,10.08669656
54,Manhattan,ID211,7753,10.08669656
55,Manhattan,ID211,15330,10.17708333
56,Manhattan,ID211,17415,10.17708333
57,Manhattan,ID211,17211,10.17708333
58,Manhattan,ID211,8967,10.08669656
59,Manhattan,ID211,7624,10.08669656
60,Manhattan,ID211,8419,10.08669656
61,Manhattan,ID261,3814,47.54347826
62,Manhattan,ID261,8839,48.26595745
63,Manhattan,ID261,9629,48.26595745
64,Manhattan,ID261,9534,48.26595745
65,Manhattan,ID261,3672,47.54347826
66,Manhattan,ID261,6974,48.26595745
67,Manhattan,ID261,9068,48.26595745
68,Manhattan,ID261,7240,48.26595745
69,Manhattan,ID261,9280,48.26595745
70,Manhattan,ID261,9687,48.26595745
71,Manhattan,ID261,2201,47.54347826
72,Manhattan,ID261,8604,48.26595745
73,Manhattan,ID261,11370,51.11702128
74,Manhattan,ID261,4593,47.54347826
75,Manhattan,ID261,7765,48.26595745
76,Manhattan,ID261,10303,48.26595745
77,Manhattan,ID261,2354,47.54347826
78,Manhattan,ID261,8569,48.26595745
79,Manhattan,ID261,4662,47.54347826
80,Manhattan,ID261,5309,47.54347826
81,Manhattan,ID261,5584,47.54347826
82,Manhattan,ID261,10791,51.11702128
83,Manhattan,ID261,4929,47.54347826
84,Manhattan,ID261,1921,47.54347826
85,Manhattan,ID261,7261,48.26595745
86,Manhattan,ID261,9219,48.26595745
87,Manhattan,ID261,6853,48.26595745
88,Manhattan,ID261,2631,47.54347826
89,Manhattan,ID261,1999,47.54347826
90,Manhattan,ID261,2135,47.54347826
91,Manhattan,ID42,5840,28.9751835
92,Manhattan,ID42,9166,29.87891441
93,Manhattan,ID42,10917,29.87891441
94,Manhattan,ID42,10341,29.87891441
95,Manhattan,ID42,3166,28.9751835
96,Manhattan,ID42,7521,29.87891441
97,Manhattan,ID42,10073,29.87891441
98,Manhattan,ID42,9288,29.87891441
99,Manhattan,ID42,11133,29.87891441
100,Manhattan,ID42,9856,29.87891441
101,Manhattan,ID42,1962,28.9751835
102,Manhattan,ID42,9931,29.87891441
103,Manhattan,ID42,18921,30.23556019
104,Manhattan,ID42,4259,28.9751835
105,Manhattan,ID42,12568,29.87891441
106,Manhattan,ID42,11209,29.87891441
107,Manhattan,ID42,2165,28.9751835
108,Manhattan,ID42,9182,29.87891441
109,Manhattan,ID42,3957,28.9751835
110,Manhattan,ID42,4473,28.9751835
111,Manhattan,ID42,4593,28.9751835
112,Manhattan,ID42,17455,30.23556019
113,Manhattan,ID42,4057,28.9751835
114,Manhattan,ID42,1834,28.9751835
115,Manhattan,ID42,8993,29.87891441
116,Manhattan,ID42,10048,29.87891441
117,Manhattan,ID42,8451,29.87891441
118,Manhattan,ID42,2402,28.9751835
119,Manhattan,ID42,1862,28.9751835
120,Manhattan,ID42,2141,28.9751835
121,Manhattan,ID243,4190,78.18904404
122,Manhattan,ID243,6365,79.31283711
123,Manhattan,ID243,7142,79.31283711
124,Manhattan,ID243,6659,79.31283711
125,Manhattan,ID243,1905,78.18904404
126,Manhattan,ID243,4499,79.31283711
127,Manhattan,ID243,6721,79.31283711
128,Manhattan,ID243,6307,79.31283711
129,Manhattan,ID243,7399,79.31283711
130,Manhattan,ID243,6998,79.31283711
131,Manhattan,ID243,847,78.18904404
132,Manhattan,ID243,6819,79.31283711
133,Manhattan,ID243,12694,80.94822006
134,Manhattan,ID243,2711,78.18904404
135,Manhattan,ID243,8706,79.31283711
136,Manhattan,ID243,7002,79.31283711
137,Manhattan,ID243,1232,78.18904404
138,Manhattan,ID243,5989,79.31283711
139,Manhattan,ID243,2422,78.18904404
140,Manhattan,ID243,2774,78.18904404
141,Manhattan,ID243,2699,78.18904404
142,Manhattan,ID243,11203,80.94822006
143,Manhattan,ID243,2347,78.18904404
144,Manhattan,ID243,829,78.18904404
145,Manhattan,ID243,6216,79.31283711
146,Manhattan,ID243,6388,79.31283711
147,Manhattan,ID243,5767,79.31283711
148,Manhattan,ID243,1394,78.18904404
149,Manhattan,ID243,894,78.18904404
150,Manhattan,ID243,1193,78.18904404
151,Manhattan,ID87,7495,71.87555556
152,Manhattan,ID87,16665,75.81447964
153,Manhattan,ID87,17844,75.81447964
154,Manhattan,ID87,17414,75.81447964
155,Manhattan,ID87,7526,71.87555556
156,Manhattan,ID87,14653,75.81447964
157,Manhattan,ID87,16755,75.81447964
158,Manhattan,ID87,15039,75.81447964
159,Manhattan,ID87,17051,75.81447964
160,Manhattan,ID87,18284,75.81447964
161,Manhattan,ID87,5145,71.87555556
162,Manhattan,ID87,16204,75.81447964
163,Manhattan,ID87,20382,76.07692308
164,Manhattan,ID87,11174,71.87555556
165,Manhattan,ID87,13783,75.81447964
166,Manhattan,ID87,18355,75.81447964
167,Manhattan,ID87,5615,71.87555556
168,Manhattan,ID87,17107,75.81447964
169,Manhattan,ID87,10224,71.87555556
170,Manhattan,ID87,11382,71.87555556
171,Manhattan,ID87,11977,71.87555556
172,Manhattan,ID87,19173,76.07692308
173,Manhattan,ID87,10023,71.87555556
174,Manhattan,ID87,4714,71.87555556
175,Manhattan,ID87,14501,75.81447964
176,Manhattan,ID87,16873,75.81447964
177,Manhattan,ID87,13852,75.81447964
178,Manhattan,ID87,6017,71.87555556
179,Manhattan,ID87,5021,71.87555556
180,Manhattan,ID87,5324,71.87555556
181,Manhattan,ID48,16167,23.26225854
182,Manhattan,ID48,30348,23.33579882
183,Manhattan,ID48,32163,23.33579882
184,Manhattan,ID48,33489,23.33579882
185,Manhattan,ID48,13633,23.26225854
186,Manhattan,ID48,26290,23.33579882
187,Manhattan,ID48,31797,23.33579882
188,Manhattan,ID48,26999,23.33579882
189,Manhattan,ID48,32643,23.33579882
190,Manhattan,ID48,32446,23.33579882
191,Manhattan,ID48,9296,23.26225854
192,Manhattan,ID48,29422,23.33579882
193,Manhattan,ID48,39356,24.4933432
194,Manhattan,ID48,18447,23.26225854
195,Manhattan,ID48,28683,23.33579882
196,Manhattan,ID48,33393,23.33579882
197,Manhattan,ID48,9116,23.26225854
198,Manhattan,ID48,30947,23.33579882
199,Manhattan,ID48,16883,23.26225854
200,Manhattan,ID48,20203,23.26225854
201,Manhattan,ID48,21606,23.26225854
202,Manhattan,ID48,36153,24.4933432
203,Manhattan,ID48,17451,23.26225854
204,Manhattan,ID48,7835,23.26225854
205,Manhattan,ID48,26272,23.33579882
206,Manhattan,ID48,31404,23.33579882
207,Manhattan,ID48,25666,23.33579882
208,Manhattan,ID48,9781,23.26225854
209,Manhattan,ID48,8025,23.26225854
210,Manhattan,ID48,8490,23.26225854
211,Manhattan,ID148,12211,22.3467433
212,Manhattan,ID148,28204,21.73473282
213,Manhattan,ID148,30563,21.73473282
214,Manhattan,ID148,30558,21.73473282
215,Manhattan,ID148,11454,22.3467433
216,Manhattan,ID148,26280,21.73473282
217,Manhattan,ID148,29649,21.73473282
218,Manhattan,ID148,25780,21.73473282
219,Manhattan,ID148,31920,21.73473282
220,Manhattan,ID148,31189,21.73473282
221,Manhattan,ID148,8447,22.3467433
222,Manhattan,ID148,27300,21.73473282
223,Manhattan,ID148,37183,21.75667939
224,Manhattan,ID148,17145,22.3467433
225,Manhattan,ID148,22207,21.73473282
226,Manhattan,ID148,30914,21.73473282
227,Manhattan,ID148,8571,22.3467433
228,Manhattan,ID148,28105,21.73473282
229,Manhattan,ID148,14386,22.3467433
230,Manhattan,ID148,17307,22.3467433
231,Manhattan,ID148,19273,22.3467433
232,Manhattan,ID148,34092,21.75667939
233,Manhattan,ID148,15249,22.3467433
234,Manhattan,ID148,7765,22.3467433
235,Manhattan,ID148,23697,21.73473282
236,Manhattan,ID148,28365,21.73473282
237,Manhattan,ID148,24278,21.73473282
238,Manhattan,ID148,10155,22.3467433
239,Manhattan,ID148,8827,22.3467433
240,Manhattan,ID148,8789,22.3467433
241,Manhattan,ID75,4789,55.76022835
242,Manhattan,ID75,8956,56.71442125
243,Manhattan,ID75,10370,56.71442125
244,Manhattan,ID75,10465,56.71442125
245,Manhattan,ID75,3246,55.76022835
246,Manhattan,ID75,7294,56.71442125
247,Manhattan,ID75,10238,56.71442125
248,Manhattan,ID75,8704,56.71442125
249,Manhattan,ID75,11428,56.71442125
250,Manhattan,ID75,10300,56.71442125
251,Manhattan,ID75,1628,55.76022835
252,Manhattan,ID75,9550,56.71442125
253,Manhattan,ID75,15029,57.89373814
254,Manhattan,ID75,5075,55.76022835
255,Manhattan,ID75,11350,56.71442125
256,Manhattan,ID75,11343,56.71442125
257,Manhattan,ID75,1775,55.76022835
258,Manhattan,ID75,9360,56.71442125
259,Manhattan,ID75,4227,55.76022835
260,Manhattan,ID75,5109,55.76022835
261,Manhattan,ID75,5451,55.76022835
262,Manhattan,ID75,13447,57.89373814
263,Manhattan,ID75,4229,55.76022835
264,Manhattan,ID75,1546,55.76022835
265,Manhattan,ID75,7955,56.71442125
266,Manhattan,ID75,9919,56.71442125
267,Manhattan,ID75,7685,56.71442125
268,Manhattan,ID75,1836,55.76022835
269,Manhattan,ID75,1492,55.76022835
270,Manhattan,ID75,2013,55.76022835
271,Manhattan,ID107,13630,32.60634548
272,Manhattan,ID107,25020,33.15814507
273,Manhattan,ID107,27154,33.15814507
274,Manhattan,ID107,27576,33.15814507
275,Manhattan,ID107,11927,32.60634548
276,Manhattan,ID107,24501,33.15814507
277,Manhattan,ID107,26053,33.15814507
278,Manhattan,ID107,23795,33.15814507
279,Manhattan,ID107,27980,33.15814507
280,Manhattan,ID107,27013,33.15814507
281,Manhattan,ID107,8783,32.60634548
282,Manhattan,ID107,24422,33.15814507
283,Manhattan,ID107,32830,32.79429251
284,Manhattan,ID107,17017,32.60634548
285,Manhattan,ID107,23898,33.15814507
286,Manhattan,ID107,28242,33.15814507
287,Manhattan,ID107,9032,32.60634548
288,Manhattan,ID107,25839,33.15814507
289,Manhattan,ID107,14491,32.60634548
290,Manhattan,ID107,18290,32.60634548
291,Manhattan,ID107,20548,32.60634548
292,Manhattan,ID107,30466,32.79429251
293,Manhattan,ID107,15800,32.60634548
294,Manhattan,ID107,7742,32.60634548
295,Manhattan,ID107,22450,33.15814507
296,Manhattan,ID107,25156,33.15814507
297,Manhattan,ID107,22061,33.15814507
298,Manhattan,ID107,9838,32.60634548
299,Manhattan,ID107,7701,32.60634548
300,Manhattan,ID107,9065,32.60634548
301,Manhattan,ID239,12003,28.36831812
302,Manhattan,ID239,20085,28.56975228
303,Manhattan,ID239,23633,28.56975228
304,Manhattan,ID239,22397,28.56975228
305,Manhattan,ID239,10380,28.36831812
306,Manhattan,ID239,20157,28.56975228
307,Manhattan,ID239,22054,28.56975228
308,Manhattan,ID239,21656,28.56975228
309,Manhattan,ID239,24625,28.56975228
310,Manhattan,ID239,22090,28.56975228
311,Manhattan,ID239,6835,28.36831812
312,Manhattan,ID239,19210,28.56975228
313,Manhattan,ID239,27823,28.51955671
314,Manhattan,ID239,14531,28.36831812
315,Manhattan,ID239,20841,28.56975228
316,Manhattan,ID239,24008,28.56975228
317,Manhattan,ID239,6650,28.36831812
318,Manhattan,ID239,21011,28.56975228
319,Manhattan,ID239,11713,28.36831812
320,Manhattan,ID239,14911,28.36831812
321,Manhattan,ID239,16510,28.36831812
322,Manhattan,ID239,24344,28.51955671
323,Manhattan,ID239,12468,28.36831812
324,Manhattan,ID239,6592,28.36831812
325,Manhattan,ID239,20349,28.56975228
326,Manhattan,ID239,21938,28.56975228
327,Manhattan,ID239,20006,28.56975228
328,Manhattan,ID239,6079,28.36831812
329,Manhattan,ID239,6053,28.36831812
330,Manhattan,ID239,6833,28.36831812
331,Brooklyn,ID210,1244,6.076234708
332,Brooklyn,ID210,2090,6.208519179
333,Brooklyn,ID210,2483,6.208519179
334,Brooklyn,ID210,2413,6.208519179
335,Brooklyn,ID210,442,6.076234708
336,Brooklyn,ID210,1710,6.208519179
337,Brooklyn,ID210,2534,6.208519179
338,Brooklyn,ID210,2267,6.208519179
339,Brooklyn,ID210,3245,6.208519179
340,Brooklyn,ID210,2506,6.208519179
341,Brooklyn,ID210,194,6.076234708
342,Brooklyn,ID210,2288,6.208519179
343,Brooklyn,ID210,6719,6.284985584
344,Brooklyn,ID210,702,6.076234708
345,Brooklyn,ID210,4530,6.208519179
346,Brooklyn,ID210,2995,6.208519179
347,Brooklyn,ID210,254,6.076234708
348,Brooklyn,ID210,2159,6.208519179
349,Brooklyn,ID210,685,6.076234708
350,Brooklyn,ID210,699,6.076234708
351,Brooklyn,ID210,706,6.076234708
352,Brooklyn,ID210,6567,6.284985584
353,Brooklyn,ID210,644,6.076234708
354,Brooklyn,ID210,157,6.076234708
355,Brooklyn,ID210,2154,6.208519179
356,Brooklyn,ID210,2268,6.208519179
357,Brooklyn,ID210,1878,6.208519179
358,Brooklyn,ID210,294,6.076234708
359,Brooklyn,ID210,171,6.076234708
360,Brooklyn,ID210,247,6.076234708
361,Brooklyn,ID21,1336,6.288217344
362,Brooklyn,ID21,2121,6.320515342
363,Brooklyn,ID21,2627,6.320515342
364,Brooklyn,ID21,2495,6.320515342
365,Brooklyn,ID21,473,6.288217344
366,Brooklyn,ID21,1650,6.320515342
367,Brooklyn,ID21,2550,6.320515342
368,Brooklyn,ID21,2248,6.320515342
369,Brooklyn,ID21,3146,6.320515342
370,Brooklyn,ID21,2556,6.320515342
371,Brooklyn,ID21,224,6.288217344
372,Brooklyn,ID21,2278,6.320515342
373,Brooklyn,ID21,5944,6.493806528
374,Brooklyn,ID21,692,6.288217344
375,Brooklyn,ID21,4506,6.320515342
376,Brooklyn,ID21,2833,6.320515342
377,Brooklyn,ID21,312,6.288217344
378,Brooklyn,ID21,2057,6.320515342
379,Brooklyn,ID21,652,6.288217344
380,Brooklyn,ID21,838,6.288217344
381,Brooklyn,ID21,690,6.288217344
382,Brooklyn,ID21,5750,6.493806528
383,Brooklyn,ID21,600,6.288217344
384,Brooklyn,ID21,174,6.288217344
385,Brooklyn,ID21,2184,6.320515342
386,Brooklyn,ID21,2272,6.320515342
387,Brooklyn,ID21,2117,6.320515342
388,Brooklyn,ID21,356,6.288217344
389,Brooklyn,ID21,204,6.288217344
390,Brooklyn,ID21,300,6.288217344
391,Brooklyn,ID85,1393,8.331957547
392,Brooklyn,ID85,2698,8.585861561
393,Brooklyn,ID85,3160,8.585861561
394,Brooklyn,ID85,3453,8.585861561
395,Brooklyn,ID85,698,8.331957547
396,Brooklyn,ID85,1799,8.585861561
397,Brooklyn,ID85,3335,8.585861561
398,Brooklyn,ID85,2670,8.585861561
399,Brooklyn,ID85,4143,8.585861561
400,Brooklyn,ID85,3418,8.585861561
401,Brooklyn,ID85,261,8.331957547
402,Brooklyn,ID85,2940,8.585861561
403,Brooklyn,ID85,5942,8.377218088
404,Brooklyn,ID85,923,8.331957547
405,Brooklyn,ID85,5128,8.585861561
406,Brooklyn,ID85,3652,8.585861561
407,Brooklyn,ID85,357,8.331957547
408,Brooklyn,ID85,2612,8.585861561
409,Brooklyn,ID85,793,8.331957547
410,Brooklyn,ID85,893,8.331957547
411,Brooklyn,ID85,773,8.331957547
412,Brooklyn,ID85,5877,8.377218088
413,Brooklyn,ID85,615,8.331957547
414,Brooklyn,ID85,210,8.331957547
415,Brooklyn,ID85,2563,8.585861561
416,Brooklyn,ID85,2939,8.585861561
417,Brooklyn,ID85,2309,8.585861561
418,Brooklyn,ID85,393,8.331957547
419,Brooklyn,ID85,260,8.331957547
420,Brooklyn,ID85,329,8.331957547
421,Brooklyn,ID257,1890,7.173125794
422,Brooklyn,ID257,3066,7.009545021
423,Brooklyn,ID257,3181,7.009545021
424,Brooklyn,ID257,3543,7.009545021
425,Brooklyn,ID257,1255,7.173125794
426,Brooklyn,ID257,2503,7.009545021
427,Brooklyn,ID257,3128,7.009545021
428,Brooklyn,ID257,3383,7.009545021
429,Brooklyn,ID257,3563,7.009545021
430,Brooklyn,ID257,3204,7.009545021
431,Brooklyn,ID257,640,7.173125794
432,Brooklyn,ID257,2844,7.009545021
433,Brooklyn,ID257,4252,7.156140908
434,Brooklyn,ID257,1685,7.173125794
435,Brooklyn,ID257,3769,7.009545021
436,Brooklyn,ID257,3425,7.009545021
437,Brooklyn,ID257,698,7.173125794
438,Brooklyn,ID257,2849,7.009545021
439,Brooklyn,ID257,1444,7.173125794
440,Brooklyn,ID257,1927,7.173125794
441,Brooklyn,ID257,1688,7.173125794
442,Brooklyn,ID257,3999,7.156140908
443,Brooklyn,ID257,1411,7.173125794
444,Brooklyn,ID257,630,7.173125794
445,Brooklyn,ID257,3393,7.009545021
446,Brooklyn,ID257,2950,7.009545021
447,Brooklyn,ID257,3142,7.009545021
448,Brooklyn,ID257,735,7.173125794
449,Brooklyn,ID257,671,7.173125794
450,Brooklyn,ID257,688,7.173125794
451,Brooklyn,ID181,11463,8.193191287
452,Brooklyn,ID181,17793,8.059826004
453,Brooklyn,ID181,21071,8.059826004
454,Brooklyn,ID181,21434,8.059826004
455,Brooklyn,ID181,8004,8.193191287
456,Brooklyn,ID181,17386,8.059826004
457,Brooklyn,ID181,22186,8.059826004
458,Brooklyn,ID181,20431,8.059826004
459,Brooklyn,ID181,24005,8.059826004
460,Brooklyn,ID181,21178,8.059826004
461,Brooklyn,ID181,5557,8.193191287
462,Brooklyn,ID181,18448,8.059826004
463,Brooklyn,ID181,27363,8.232221824
464,Brooklyn,ID181,11344,8.193191287
465,Brooklyn,ID181,22462,8.059826004
466,Brooklyn,ID181,23247,8.059826004
467,Brooklyn,ID181,5535,8.193191287
468,Brooklyn,ID181,18455,8.059826004
469,Brooklyn,ID181,9589,8.193191287
470,Brooklyn,ID181,12095,8.193191287
471,Brooklyn,ID181,12084,8.193191287
472,Brooklyn,ID181,26523,8.232221824
473,Brooklyn,ID181,9046,8.193191287
474,Brooklyn,ID181,5293,8.193191287
475,Brooklyn,ID181,20384,8.059826004
476,Brooklyn,ID181,19642,8.059826004
477,Brooklyn,ID181,18591,8.059826004
478,Brooklyn,ID181,5873,8.193191287
479,Brooklyn,ID181,5239,8.193191287
480,Brooklyn,ID181,5496,8.193191287
481,Brooklyn,ID33,5032,15.87150466
482,Brooklyn,ID33,9307,16.15796519
483,Brooklyn,ID33,10803,16.15796519
484,Brooklyn,ID33,10564,16.15796519
485,Brooklyn,ID33,3786,15.87150466
486,Brooklyn,ID33,7409,16.15796519
487,Brooklyn,ID33,10650,16.15796519
488,Brooklyn,ID33,9315,16.15796519
489,Brooklyn,ID33,10852,16.15796519
490,Brooklyn,ID33,10993,16.15796519
491,Brooklyn,ID33,2663,15.87150466
492,Brooklyn,ID33,9475,16.15796519
493,Brooklyn,ID33,13610,16.09840426
494,Brooklyn,ID33,5526,15.87150466
495,Brooklyn,ID33,9447,16.15796519
496,Brooklyn,ID33,11328,16.15796519
497,Brooklyn,ID33,2556,15.87150466
498,Brooklyn,ID33,9423,16.15796519
499,Brooklyn,ID33,4930,15.87150466
500,Brooklyn,ID33,5746,15.87150466
501,Brooklyn,ID33,5834,15.87150466
502,Brooklyn,ID33,12597,16.09840426
503,Brooklyn,ID33,4654,15.87150466
504,Brooklyn,ID33,2611,15.87150466
505,Brooklyn,ID33,8672,16.15796519
506,Brooklyn,ID33,9692,16.15796519
507,Brooklyn,ID33,8674,16.15796519
508,Brooklyn,ID33,2841,15.87150466
509,Brooklyn,ID33,2661,15.87150466
510,Brooklyn,ID33,2405,15.87150466
511,Brooklyn,ID22,1631,6.513494468
512,Brooklyn,ID22,2850,6.452126162
513,Brooklyn,ID22,3331,6.452126162
514,Brooklyn,ID22,3258,6.452126162
515,Brooklyn,ID22,667,6.513494468
516,Brooklyn,ID22,1989,6.452126162
517,Brooklyn,ID22,3283,6.452126162
518,Brooklyn,ID22,2954,6.452126162
519,Brooklyn,ID22,4094,6.452126162
520,Brooklyn,ID22,3597,6.452126162
521,Brooklyn,ID22,250,6.513494468
522,Brooklyn,ID22,3483,6.452126162
523,Brooklyn,ID22,7857,6.550865344
524,Brooklyn,ID22,938,6.513494468
525,Brooklyn,ID22,5916,6.452126162
526,Brooklyn,ID22,3631,6.452126162
527,Brooklyn,ID22,361,6.513494468
528,Brooklyn,ID22,2841,6.452126162
529,Brooklyn,ID22,755,6.513494468
530,Brooklyn,ID22,1058,6.513494468
531,Brooklyn,ID22,909,6.513494468
532,Brooklyn,ID22,6668,6.550865344
533,Brooklyn,ID22,734,6.513494468
534,Brooklyn,ID22,263,6.513494468
535,Brooklyn,ID22,2855,6.452126162
536,Brooklyn,ID22,2977,6.452126162
537,Brooklyn,ID22,2734,6.452126162
538,Brooklyn,ID22,367,6.513494468
539,Brooklyn,ID22,262,6.513494468
540,Brooklyn,ID22,402,6.513494468
541,Brooklyn,ID65,3790,34.63868613
542,Brooklyn,ID65,8536,36.65090909
543,Brooklyn,ID65,9665,36.65090909
544,Brooklyn,ID65,9496,36.65090909
545,Brooklyn,ID65,2876,34.63868613
546,Brooklyn,ID65,5860,36.65090909
547,Brooklyn,ID65,9622,36.65090909
548,Brooklyn,ID65,7996,36.65090909
549,Brooklyn,ID65,10558,36.65090909
550,Brooklyn,ID65,9841,36.65090909
551,Brooklyn,ID65,1640,34.63868613
552,Brooklyn,ID65,10958,36.65090909
553,Brooklyn,ID65,14454,39.96014493
554,Brooklyn,ID65,4311,34.63868613
555,Brooklyn,ID65,9359,36.65090909
556,Brooklyn,ID65,10474,36.65090909
557,Brooklyn,ID65,1904,34.63868613
558,Brooklyn,ID65,8219,36.65090909
559,Brooklyn,ID65,3649,34.63868613
560,Brooklyn,ID65,4897,34.63868613
561,Brooklyn,ID65,4807,34.63868613
562,Brooklyn,ID65,13228,39.96014493
563,Brooklyn,ID65,3530,34.63868613
564,Brooklyn,ID65,1531,34.63868613
565,Brooklyn,ID65,7724,36.65090909
566,Brooklyn,ID65,8806,36.65090909
567,Brooklyn,ID65,7377,36.65090909
568,Brooklyn,ID65,2185,34.63868613
569,Brooklyn,ID65,1663,34.63868613
570,Brooklyn,ID65,1678,34.63868613
571,Brooklyn,ID108,575,7.760938324
572,Brooklyn,ID108,1043,7.96214511
573,Brooklyn,ID108,1182,7.96214511
574,Brooklyn,ID108,1086,7.96214511
575,Brooklyn,ID108,227,7.760938324
576,Brooklyn,ID108,754,7.96214511
577,Brooklyn,ID108,1060,7.96214511
578,Brooklyn,ID108,1063,7.96214511
579,Brooklyn,ID108,1458,7.96214511
580,Brooklyn,ID108,1254,7.96214511
581,Brooklyn,ID108,71,7.760938324
582,Brooklyn,ID108,989,7.96214511
583,Brooklyn,ID108,3021,7.943313579
584,Brooklyn,ID108,312,7.760938324
585,Brooklyn,ID108,1984,7.96214511
586,Brooklyn,ID108,1254,7.96214511
587,Brooklyn,ID108,151,7.760938324
588,Brooklyn,ID108,995,7.96214511
589,Brooklyn,ID108,304,7.760938324
590,Brooklyn,ID108,377,7.760938324
591,Brooklyn,ID108,339,7.760938324
592,Brooklyn,ID108,2787,7.943313579
593,Brooklyn,ID108,249,7.760938324
594,Brooklyn,ID108,84,7.760938324
595,Brooklyn,ID108,1061,7.96214511
596,Brooklyn,ID108,1033,7.96214511
597,Brooklyn,ID108,973,7.96214511
598,Brooklyn,ID108,153,7.760938324
599,Brooklyn,ID108,69,7.760938324
600,Brooklyn,ID108,143,7.760938324
601,Brooklyn,ID80,7564,8.716226229
602,Brooklyn,ID80,14038,8.889575099
603,Brooklyn,ID80,16395,8.889575099
604,Brooklyn,ID80,16306,8.889575099
605,Brooklyn,ID80,5775,8.716226229
606,Brooklyn,ID80,13195,8.889575099
607,Brooklyn,ID80,16147,8.889575099
608,Brooklyn,ID80,14365,8.889575099
609,Brooklyn,ID80,16756,8.889575099
610,Brooklyn,ID80,16336,8.889575099
611,Brooklyn,ID80,3840,8.716226229
612,Brooklyn,ID80,15109,8.889575099
613,Brooklyn,ID80,26373,8.898749694
614,Brooklyn,ID80,9836,8.716226229
615,Brooklyn,ID80,15225,8.889575099
616,Brooklyn,ID80,16865,8.889575099
617,Brooklyn,ID80,3558,8.716226229
618,Brooklyn,ID80,15085,8.889575099
619,Brooklyn,ID80,7679,8.716226229
620,Brooklyn,ID80,8592,8.716226229
621,Brooklyn,ID80,9407,8.716226229
622,Brooklyn,ID80,20291,8.898749694
623,Brooklyn,ID80,8186,8.716226229
624,Brooklyn,ID80,3397,8.716226229
625,Brooklyn,ID80,13707,8.889575099
626,Brooklyn,ID80,15292,8.889575099
627,Brooklyn,ID80,13867,8.889575099
628,Brooklyn,ID80,3989,8.716226229
629,Brooklyn,ID80,3612,8.716226229
630,Brooklyn,ID80,3162,8.716226229
631,Queens,ID92,2977,21.11857229
632,Queens,ID92,4100,21.17310572
633,Queens,ID92,5614,21.17310572
634,Queens,ID92,5725,21.17310572
635,Queens,ID92,1063,21.11857229
636,Queens,ID92,3138,21.17310572
637,Queens,ID92,5221,21.17310572
638,Queens,ID92,4606,21.17310572
639,Queens,ID92,5337,21.17310572
640,Queens,ID92,5578,21.17310572
641,Queens,ID92,378,21.11857229
642,Queens,ID92,5045,21.17310572
643,Queens,ID92,9231,21.32554657
644,Queens,ID92,2128,21.11857229
645,Queens,ID92,6714,21.17310572
646,Queens,ID92,5507,21.17310572
647,Queens,ID92,650,21.11857229
648,Queens,ID92,4200,21.17310572
649,Queens,ID92,1378,21.11857229
650,Queens,ID92,1952,21.11857229
651,Queens,ID92,1946,21.11857229
652,Queens,ID92,8652,21.32554657
653,Queens,ID92,1270,21.11857229
654,Queens,ID92,471,21.11857229
655,Queens,ID92,4017,21.17310572
656,Queens,ID92,4713,21.17310572
657,Queens,ID92,4226,21.17310572
658,Queens,ID92,673,21.11857229
659,Queens,ID92,412,21.11857229
660,Queens,ID92,675,21.11857229
661,Queens,ID82,3993,12.28356713
662,Queens,ID82,5618,11.97238122
663,Queens,ID82,6598,11.97238122
664,Queens,ID82,6679,11.97238122
665,Queens,ID82,1348,12.28356713
666,Queens,ID82,4275,11.97238122
667,Queens,ID82,6324,11.97238122
668,Queens,ID82,5820,11.97238122
669,Queens,ID82,6551,11.97238122
670,Queens,ID82,6412,11.97238122
671,Queens,ID82,565,12.28356713
672,Queens,ID82,6582,11.97238122
673,Queens,ID82,12271,11.94046938
674,Queens,ID82,2100,12.28356713
675,Queens,ID82,9938,11.97238122
676,Queens,ID82,6438,11.97238122
677,Queens,ID82,786,12.28356713
678,Queens,ID82,5643,11.97238122
679,Queens,ID82,1861,12.28356713
680,Queens,ID82,2036,12.28356713
681,Queens,ID82,2187,12.28356713
682,Queens,ID82,11051,11.94046938
683,Queens,ID82,1925,12.28356713
684,Queens,ID82,542,12.28356713
685,Queens,ID82,5558,11.97238122
686,Queens,ID82,5977,11.97238122
687,Queens,ID82,5057,11.97238122
688,Queens,ID82,819,12.28356713
689,Queens,ID82,501,12.28356713
690,Queens,ID82,768,12.28356713
691,Queens,ID145,5367,10.24593796
692,Queens,ID145,10109,10.72619926
693,Queens,ID145,11226,10.72619926
694,Queens,ID145,11127,10.72619926
695,Queens,ID145,4135,10.24593796
696,Queens,ID145,7655,10.72619926
697,Queens,ID145,10782,10.72619926
698,Queens,ID145,10397,10.72619926
699,Queens,ID145,10648,10.72619926
700,Queens,ID145,11218,10.72619926
701,Queens,ID145,2727,10.24593796
702,Queens,ID145,11204,10.72619926
703,Queens,ID145,15114,11.84797048
704,Queens,ID145,5893,10.24593796
705,Queens,ID145,10132,10.72619926
706,Queens,ID145,12234,10.72619926
707,Queens,ID145,2816,10.24593796
708,Queens,ID145,10748,10.72619926
709,Queens,ID145,5692,10.24593796
710,Queens,ID145,5996,10.24593796
711,Queens,ID145,6282,10.24593796
712,Queens,ID145,14172,11.84797048
713,Queens,ID145,5674,10.24593796
714,Queens,ID145,2347,10.24593796
715,Queens,ID145,10066,10.72619926
716,Queens,ID145,10755,10.72619926
717,Queens,ID145,8514,10.72619926
718,Queens,ID145,3096,10.24593796
719,Queens,ID145,2619,10.24593796
720,Queens,ID145,2690,10.24593796
721,Queens,ID258,1688,5.291104893
722,Queens,ID258,2642,5.050731629
723,Queens,ID258,2917,5.050731629
724,Queens,ID258,2672,5.050731629
725,Queens,ID258,616,5.291104893
726,Queens,ID258,1855,5.050731629
727,Queens,ID258,2897,5.050731629
728,Queens,ID258,2793,5.050731629
729,Queens,ID258,3143,5.050731629
730,Queens,ID258,2873,5.050731629
731,Queens,ID258,217,5.291104893
732,Queens,ID258,2923,5.050731629
733,Queens,ID258,5085,5.107412767
734,Queens,ID258,737,5.291104893
735,Queens,ID258,4115,5.050731629
736,Queens,ID258,2895,5.050731629
737,Queens,ID258,398,5.291104893
738,Queens,ID258,2783,5.050731629
739,Queens,ID258,686,5.291104893
740,Queens,ID258,731,5.291104893
741,Queens,ID258,715,5.291104893
742,Queens,ID258,4892,5.107412767
743,Queens,ID258,628,5.291104893
744,Queens,ID258,204,5.291104893
745,Queens,ID258,2637,5.050731629
746,Queens,ID258,2850,5.050731629
747,Queens,ID258,2405,5.050731629
748,Queens,ID258,372,5.291104893
749,Queens,ID258,246,5.291104893
750,Queens,ID258,425,5.291104893
751,Bronx,ID259,621,4.972112005
752,Bronx,ID259,1313,4.994785763
753,Bronx,ID259,1464,4.994785763
754,Bronx,ID259,1336,4.994785763
755,Bronx,ID259,215,4.972112005
756,Bronx,ID259,721,4.994785763
757,Bronx,ID259,1345,4.994785763
758,Bronx,ID259,1235,4.994785763
759,Bronx,ID259,1647,4.994785763
760,Bronx,ID259,1492,4.994785763
761,Bronx,ID259,93,4.972112005
762,Bronx,ID259,1434,4.994785763
763,Bronx,ID259,3852,4.972200338
764,Bronx,ID259,301,4.972112005
765,Bronx,ID259,2231,4.994785763
766,Bronx,ID259,1463,4.994785763
767,Bronx,ID259,91,4.972112005
768,Bronx,ID259,1253,4.994785763
769,Bronx,ID259,279,4.972112005
770,Bronx,ID259,334,4.972112005
771,Bronx,ID259,322,4.972112005
772,Bronx,ID259,3491,4.972200338
773,Bronx,ID259,289,4.972112005
774,Bronx,ID259,76,4.972112005
775,Bronx,ID259,1261,4.994785763
776,Bronx,ID259,1365,4.994785763
777,Bronx,ID259,1097,4.994785763
778,Bronx,ID259,120,4.972112005
779,Bronx,ID259,106,4.972112005
780,Bronx,ID259,97,4.972112005
781,Bronx,ID254,999,7.564948943
782,Bronx,ID254,1918,7.704690832
783,Bronx,ID254,2079,7.704690832
784,Bronx,ID254,2005,7.704690832
785,Bronx,ID254,297,7.564948943
786,Bronx,ID254,1088,7.704690832
787,Bronx,ID254,2034,7.704690832
788,Bronx,ID254,1795,7.704690832
789,Bronx,ID254,2526,7.704690832
790,Bronx,ID254,2016,7.704690832
791,Bronx,ID254,110,7.564948943
792,Bronx,ID254,2099,7.704690832
793,Bronx,ID254,5818,7.747965562
794,Bronx,ID254,450,7.564948943
795,Bronx,ID254,3410,7.704690832
796,Bronx,ID254,2226,7.704690832
797,Bronx,ID254,150,7.564948943
798,Bronx,ID254,1911,7.704690832
799,Bronx,ID254,455,7.564948943
800,Bronx,ID254,496,7.564948943
801,Bronx,ID254,472,7.564948943
802,Bronx,ID254,5531,7.747965562
803,Bronx,ID254,371,7.564948943
804,Bronx,ID254,107,7.564948943
805,Bronx,ID254,1833,7.704690832
806,Bronx,ID254,2015,7.704690832
807,Bronx,ID254,1440,7.704690832
808,Bronx,ID254,162,7.564948943
809,Bronx,ID254,96,7.564948943
810,Bronx,ID254,183,7.564948943
811,Bronx,ID241,1577,33.20197368
812,Bronx,ID241,2264,33.7002635
813,Bronx,ID241,2657,33.7002635
814,Bronx,ID241,2495,33.7002635
815,Bronx,ID241,441,33.20197368
816,Bronx,ID241,1597,33.7002635
817,Bronx,ID241,2819,33.7002635
818,Bronx,ID241,2315,33.7002635
819,Bronx,ID241,3276,33.7002635
820,Bronx,ID241,2552,33.7002635
821,Bronx,ID241,192,33.20197368
822,Bronx,ID241,2595,33.7002635
823,Bronx,ID241,6726,33.89346405
824,Bronx,ID241,699,33.20197368
825,Bronx,ID241,4279,33.7002635
826,Bronx,ID241,2950,33.7002635
827,Bronx,ID241,300,33.20197368
828,Bronx,ID241,2233,33.7002635
829,Bronx,ID241,572,33.20197368
830,Bronx,ID241,756,33.20197368
831,Bronx,ID241,749,33.20197368
832,Bronx,ID241,6067,33.89346405
833,Bronx,ID241,585,33.20197368
834,Bronx,ID241,183,33.20197368
835,Bronx,ID241,2314,33.7002635
836,Bronx,ID241,2527,33.7002635
837,Bronx,ID241,2076,33.7002635
838,Bronx,ID241,333,33.20197368
839,Bronx,ID241,212,33.20197368
840,Bronx,ID241,310,33.20197368
841,Bronx,ID32,696,20.02456332
842,Bronx,ID32,1192,20.44317564
843,Bronx,ID32,1350,20.44317564
844,Bronx,ID32,1378,20.44317564
845,Bronx,ID32,219,20.02456332
846,Bronx,ID32,801,20.44317564
847,Bronx,ID32,1337,20.44317564
848,Bronx,ID32,1139,20.44317564
849,Bronx,ID32,1658,20.44317564
850,Bronx,ID32,1285,20.44317564
851,Bronx,ID32,92,20.02456332
852,Bronx,ID32,1379,20.44317564
853,Bronx,ID32,3668,20.63001083
854,Bronx,ID32,307,20.02456332
855,Bronx,ID32,2187,20.44317564
856,Bronx,ID32,1543,20.44317564
857,Bronx,ID32,102,20.02456332
858,Bronx,ID32,1271,20.44317564
859,Bronx,ID32,314,20.02456332
860,Bronx,ID32,382,20.02456332
861,Bronx,ID32,325,20.02456332
862,Bronx,ID32,3338,20.63001083
863,Bronx,ID32,318,20.02456332
864,Bronx,ID32,77,20.02456332
865,Bronx,ID32,1031,20.44317564
866,Bronx,ID32,1328,20.44317564
867,Bronx,ID32,926,20.44317564
868,Bronx,ID32,147,20.02456332
869,Bronx,ID32,69,20.02456332
870,Bronx,ID32,132,20.02456332
871,Bronx,ID51,944,31.56155365
872,Bronx,ID51,1477,31.78847413
873,Bronx,ID51,1477,31.78847413
874,Bronx,ID51,1547,31.78847413
875,Bronx,ID51,230,31.56155365
876,Bronx,ID51,995,31.78847413
877,Bronx,ID51,1616,31.78847413
878,Bronx,ID51,1489,31.78847413
879,Bronx,ID51,2035,31.78847413
880,Bronx,ID51,1519,31.78847413
881,Bronx,ID51,102,31.56155365
882,Bronx,ID51,1690,31.78847413
883,Bronx,ID51,4014,31.26377187
884,Bronx,ID51,382,31.56155365
885,Bronx,ID51,3245,31.78847413
886,Bronx,ID51,1818,31.78847413
887,Bronx,ID51,128,31.56155365
888,Bronx,ID51,1415,31.78847413
889,Bronx,ID51,353,31.56155365
890,Bronx,ID51,382,31.56155365
891,Bronx,ID51,391,31.56155365
892,Bronx,ID51,3884,31.26377187
893,Bronx,ID51,315,31.56155365
894,Bronx,ID51,95,31.56155365
895,Bronx,ID51,1470,31.78847413
896,Bronx,ID51,1606,31.78847413
897,Bronx,ID51,1185,31.78847413
898,Bronx,ID51,157,31.56155365
899,Bronx,ID51,106,31.56155365
900,Bronx,ID51,135,31.56155365
901,Bronx,ID94,532,45.44093178
902,Bronx,ID94,964,46.99834711
903,Bronx,ID94,1075,46.99834711
904,Bronx,ID94,1090,46.99834711
905,Bronx,ID94,167,45.44093178
906,Bronx,ID94,627,46.99834711
907,Bronx,ID94,986,46.99834711
908,Bronx,ID94,941,46.99834711
909,Bronx,ID94,1268,46.99834711
910,Bronx,ID94,961,46.99834711
911,Bronx,ID94,55,45.44093178
912,Bronx,ID94,1088,46.99834711
913,Bronx,ID94,2957,46.89291598
914,Bronx,ID94,284,45.44093178
915,Bronx,ID94,1803,46.99834711
916,Bronx,ID94,1149,46.99834711
917,Bronx,ID94,82,45.44093178
918,Bronx,ID94,913,46.99834711
919,Bronx,ID94,231,45.44093178
920,Bronx,ID94,285,45.44093178
921,Bronx,ID94,249,45.44093178
922,Bronx,ID94,2834,46.89291598
923,Bronx,ID94,203,45.44093178
924,Bronx,ID94,51,45.44093178
925,Bronx,ID94,917,46.99834711
926,Bronx,ID94,1080,46.99834711
927,Bronx,ID94,727,46.99834711
928,Bronx,ID94,83,45.44093178
929,Bronx,ID94,52,45.44093178
930,Bronx,ID94,77,45.44093178
